Test Loss,Test Accuracy,Seed,Pool
0.4697541296482086,0.9098360538482666,100,2833
4.1998796463012695,0.5437158346176147,200,2733
0.2048305720090866,0.9426229596138,300,2633
0.20483054220676422,0.9426229596138,400,2533
0.26178690791130066,0.9180327653884888,500,2433
